{
  "cli": {
    "version": ">= 2.2.1"
  },
  "build": {
    "development": {
      "developmentClient": true,
      "distribution": "internal"
    },
    "development-simulator": {
      "developmentClient": true,
      "distribution": "internal",
      "ios": {
        "simulator": true
      }
    },
    "preview": {
      "distribution": "internal"
    },
    "production": {},
    "test": {
      "ios": {
        "simulator": true
      },
      "android": {
        "buildType": "apk"
      }
    }
  },
  "submit": {
    "production": {}
  }
}
